,name,conf1,conf2,transition,pdb 1,chain 1,pdb 2,chain 2
0,LeuT,outward open,outward occluded,$O_{op}$ → $O_{oc}$,4MMB,A,2A65,A
1,LeuT,outward open,inward occluded,$O_{op}$ → $I_{oc}$,4MMB,A,6XWM,A
2,LeuT,outward open,inward open,$O_{op}$ → $I_{op}$,4MMB,A,3TT3,A
3,LeuT,outward occluded,inward occluded,$O_{oc}$ → $I_{oc}$,2A65,A,6XWM,A
4,LeuT,outward occluded,inward open,$O_{oc}$ → $I_{op}$,2A65,A,3TT3,A
5,LeuT,inward occluded,inward open,$I_{oc}$ → $I_{op}$,6XWM,A,3TT3,A
6,AdiC,outward open,outward occluded,$O_{op}$ → $O_{oc}$,3LRB,A,3L1L,A
7,BetP,outward open,outward occluded,$O_{op}$ → $O_{oc}$,4LLH,A,4AIN,A
8,BetP,outward open,inward open,$O_{op}$ → $I_{op}$,4LLH,A,4C7R,A
9,BetP,outward occluded,inward open,$O_{oc}$ → $I_{op}$,4AIN,A,4C7R,A
10,KCC1,outward open,inward open,$O_{op}$ → $I_{op}$,7TTI,A,6KKR,A
11,LAT1,outward open,inward open,$O_{op}$ → $I_{op}$,7DSQ,B,6JMQ,A
12,Mhp1,outward open,outward occluded,$O_{op}$ → $O_{oc}$,4D1D,A,4D1B,A
13,Mhp1,outward open,inward open,$O_{op}$ → $I_{op}$,4D1D,A,2X79,A
14,Mhp1,outward occluded,inward open,$O_{oc}$ → $I_{op}$,4D1B,A,2X79,A
15,MntH,outward open,inward occluded,$O_{op}$ → $I_{oc}$,8E6N,A,8E5V,A
16,MntH,outward open,inward open,$O_{op}$ → $I_{op}$,8E6N,A,8E6M,A
17,MntH,inward occluded,inward open,$I_{oc}$ → $I_{op}$,8E5V,A,8E6M,A
18,SERT,outward open,outward occluded,$O_{op}$ → $O_{oc}$,5I6X,A,6DZV,A
19,SERT,outward open,inward open,$O_{op}$ → $I_{op}$,5I6X,A,6DZZ,A
20,SERT,outward occluded,inward open,$O_{oc}$ → $I_{op}$,6DZV,A,6DZZ,A
21,SGLT,inward occluded,inward open,$I_{oc}$ → $I_{op}$,3DH4,A,2XQ2,A
